{"mfcc_mean": [47.743041545770254, -0.6195954264999473, -3.4242250575760282, -0.7094275856026231, -3.7001162220830732, -0.7487750460316085, -1.4904890438517306, -0.8056751755364125, -1.2118087846518644, -0.8305330324613804, -1.0873104110550813, -0.8754967321664975, -0.4690947004564452], "mfcc_std": [4.9320715714530925, 2.207553331382692, 1.4458482271170872, 1.8306859267176236, 0.9385848596324127, 1.085420043910485, 0.669919941858125, 0.6913910115934002, 0.6896614289106362, 0.4986324236872918, 0.40290670234517495, 0.5213147038041174, 0.37774698467721224], "pitch_mean": 281.34763143205856, "pitch_std": 29.076959935015513, "sc_mean": 1326.765699263376, "sc_std": 228.6926448597471, "zcr_mean": 0.08632561354988073, "zcr_std": 0.017603846276623862, "rmse_mean": 1094.481662166833, "rmse_std": 453.9400264386503, "sr_mean": 2.303361339343327, "sr_std": 0.848583102549855}