{"mfcc_mean": [54.685102289187306, 9.372762510392128, -1.0761809722281108, 0.5334678333440053, -2.8916584532998364, -0.4090244593172176, -1.1420104997594744, -0.6762590852227365, -1.0041255765470973, -0.7787846683641177, -0.9616819693495599, -0.7727034729437725, -0.3487271175287772], "mfcc_std": [4.742231274132653, 2.0174881047856226, 1.5514566036653357, 1.9021116385021175, 0.8696206961475893, 1.0963698387663494, 0.7106525611483429, 0.7282928986275492, 0.7109622788249371, 0.5344645177746045, 0.4289077574687025, 0.555556961913443, 0.3811319828230605], "pitch_mean": 281.34763143205856, "pitch_std": 29.076959935015513, "sc_mean": 1326.765699263376, "sc_std": 228.6926448597471, "zcr_mean": 0.08632561354988073, "zcr_std": 0.017603846276623862, "rmse_mean": 1094.481662166833, "rmse_std": 453.9400264386503, "sr_mean": 2.303361339343327, "sr_std": 0.848583102549855}