{"mfcc_mean": [-470.59649658203125, 147.77833557128906, -6.5498270988464355, 13.469011306762695, 15.777052879333496, -15.026056289672852, -2.406390428543091, -0.10841911286115646, -6.9792561531066895, -3.007427930831909, -4.2601494789123535, -3.349733829498291, -3.6049578189849854], "mfcc_std": [41.421836853027344, 16.509321212768555, 20.446468353271484, 7.7850775718688965, 12.379895210266113, 6.953041076660156, 4.3970561027526855, 8.510811805725098, 4.719000339508057, 4.709653854370117, 6.204389572143555, 4.5060834884643555, 3.9011075496673584], "pitch_mean": 173.4328105376165, "pitch_std": 8.328939274085762, "sc_mean": 1288.879857384919, "sc_std": 230.5674878088677, "zcr_mean": 0.032798590935697994, "zcr_std": 0.006814780633310356, "rmse_mean": 0.05340536683797836, "rmse_std": 0.02214469388127327, "sr_mean": 2.7843958473124077, "sr_std": 0.708223102346311}